ids	sequence
hsa.let.7a.5p.0.0.	TGAGGTAGTAGGTTGTATAGTT
hsa.let.7a.5p.0.1.	TGAGGTAGTAGGTTGTATAGTTT
hsa.let.7a.5p.0..1.	TGAGGTAGTAGGTTGTATAGT
hsa.let.7a.5p.0..2.	TGAGGTAGTAGGTTGTATAG
hsa.let.7a.5p.0..3.	TGAGGTAGTAGGTTGTATA
hsa.let.7a.5p..1..1.	ATGAGGTAGTAGGTTGTATAGT
hsa.let.7b.3p.0..1.	CTATACAACCTACTGCCTTCC
hsa.let.7b.5p.0.0.	TGAGGTAGTAGGTTGTGTGGTT
hsa.let.7b.5p.0.1.	TGAGGTAGTAGGTTGTGTGGTTT
hsa.let.7b.5p.0..1.	TGAGGTAGTAGGTTGTGTGGT
hsa.let.7b.5p.0..2.	TGAGGTAGTAGGTTGTGTGG
hsa.let.7b.5p.0..3.	TGAGGTAGTAGGTTGTGTG
hsa.let.7c.5p.0.0.	TGAGGTAGTAGGTTGTATGGTT
hsa.let.7c.5p.0.1.	TGAGGTAGTAGGTTGTATGGTTT
hsa.let.7c.5p.0..1.	TGAGGTAGTAGGTTGTATGGT
hsa.let.7c.5p.0..2.	TGAGGTAGTAGGTTGTATGG
hsa.let.7c.5p.0..3.	TGAGGTAGTAGGTTGTATG
hsa.let.7d.3p.0.0.	CTATACGACCTGCTGCCTTTCT
hsa.let.7d.3p.0..1.	CTATACGACCTGCTGCCTTTC
hsa.let.7d.3p.0..2.	CTATACGACCTGCTGCCTTT
hsa.let.7d.5p.0.0.	AGAGGTAGTAGGTTGCATAGTT
hsa.let.7d.5p.0..1.	AGAGGTAGTAGGTTGCATAGT
hsa.let.7d.5p.0..2.	AGAGGTAGTAGGTTGCATAG
hsa.let.7e.5p.0.0.	TGAGGTAGGAGGTTGTATAGTT
hsa.let.7e.5p.0.1.	TGAGGTAGGAGGTTGTATAGTTG
hsa.let.7e.5p.0..1.	TGAGGTAGGAGGTTGTATAGT
hsa.let.7e.5p.0..2.	TGAGGTAGGAGGTTGTATAG
hsa.let.7f.5p.0.0.	TGAGGTAGTAGATTGTATAGTT
hsa.let.7f.5p.0.1.	TGAGGTAGTAGATTGTATAGTTT
hsa.let.7f.5p.0..1.	TGAGGTAGTAGATTGTATAGT
hsa.let.7f.5p.0..2.	TGAGGTAGTAGATTGTATAG
hsa.let.7g.3p.0.0.	CTGTACAGGCCACTGCCTTGC
hsa.let.7g.5p.0.0.	TGAGGTAGTAGTTTGTACAGTT
hsa.let.7g.5p.0..1.	TGAGGTAGTAGTTTGTACAGT
hsa.let.7i.3p.0.0.	CTGCGCAAGCTACTGCCTTGCT
hsa.let.7i.3p.0..1.	CTGCGCAAGCTACTGCCTTGC
hsa.let.7i.3p.0..2.	CTGCGCAAGCTACTGCCTTG
hsa.let.7i.5p.0.0.	TGAGGTAGTAGTTTGTGCTGTT
hsa.let.7i.5p.0.1.	TGAGGTAGTAGTTTGTGCTGTTG
hsa.let.7i.5p.0..1.	TGAGGTAGTAGTTTGTGCTGT
hsa.miR.100.5p.0.0.	AACCCGTAGATCCGAACTTGTG
hsa.miR.100.5p.0..1.	AACCCGTAGATCCGAACTTGT
hsa.miR.100.5p.0..2.	AACCCGTAGATCCGAACTTG
hsa.miR.101.3p.0.0.	TACAGTACTGTGATAACTGAA
hsa.miR.101.3p.0.1.	TACAGTACTGTGATAACTGAAG
hsa.miR.101.3p.0..1.	TACAGTACTGTGATAACTGA
hsa.miR.101.3p.0.2.	TACAGTACTGTGATAACTGAAGG
hsa.miR.101.3p.0..2.	TACAGTACTGTGATAACTG
hsa.miR.101.3p..1.0.	GTACAGTACTGTGATAACTGAA
hsa.miR.101.3p..1..1.	GTACAGTACTGTGATAACTGA
hsa.miR.101.3p..1..2.	GTACAGTACTGTGATAACTG
hsa.miR.103a.3p.0.0.	AGCAGCATTGTACAGGGCTATGA
hsa.miR.103a.3p.0.1.	AGCAGCATTGTACAGGGCTATGAA
hsa.miR.103a.3p.0..1.	AGCAGCATTGTACAGGGCTATG
hsa.miR.103a.3p.0..2.	AGCAGCATTGTACAGGGCTAT
hsa.miR.103a.3p.2.0.	CAGCATTGTACAGGGCTATGA
hsa.miR.106b.3p.0..1.	CCGCACTGTGGGTACTTGCTG
hsa.miR.106b.5p.0.0.	TAAAGTGCTGACAGTGCAGAT
hsa.miR.106b.5p.0.1.	TAAAGTGCTGACAGTGCAGATA
hsa.miR.106b.5p.0..1.	TAAAGTGCTGACAGTGCAGA
hsa.miR.107.0..2.	AGCAGCATTGTACAGGGCTATCA
hsa.miR.10a.5p.0.0.	TACCCTGTAGATCCGAATTTGTG
hsa.miR.10a.5p.0.1.	TACCCTGTAGATCCGAATTTGTGT
hsa.miR.10a.5p.0..1.	TACCCTGTAGATCCGAATTTGT
hsa.miR.10a.5p.0..2.	TACCCTGTAGATCCGAATTTG
hsa.miR.10a.5p.0..3.	TACCCTGTAGATCCGAATTT
hsa.miR.10a.5p.1.0.	ACCCTGTAGATCCGAATTTGTG
hsa.miR.10a.5p.1.1.	ACCCTGTAGATCCGAATTTGTGT
hsa.miR.10a.5p.1..1.	ACCCTGTAGATCCGAATTTGT
hsa.miR.10a.5p..1..1.	ATACCCTGTAGATCCGAATTTGT
hsa.miR.10a.5p.1..2.	ACCCTGTAGATCCGAATTTG
hsa.miR.10a.5p..1..2.	ATACCCTGTAGATCCGAATTTG
hsa.miR.10a.5p.1..3.	ACCCTGTAGATCCGAATTT
hsa.miR.10a.5p.2..1.	CCCTGTAGATCCGAATTTGT
hsa.miR.10b.5p.0.0.	TACCCTGTAGAACCGAATTTGTG
hsa.miR.10b.5p.0.1.	TACCCTGTAGAACCGAATTTGTGT
hsa.miR.10b.5p.0..1.	TACCCTGTAGAACCGAATTTGT
hsa.miR.10b.5p.0..2.	TACCCTGTAGAACCGAATTTG
hsa.miR.10b.5p.0..3.	TACCCTGTAGAACCGAATTT
hsa.miR.10b.5p.1.0.	ACCCTGTAGAACCGAATTTGTG
hsa.miR.10b.5p.1.1.	ACCCTGTAGAACCGAATTTGTGT
hsa.miR.10b.5p.1..1.	ACCCTGTAGAACCGAATTTGT
hsa.miR.10b.5p.1..2.	ACCCTGTAGAACCGAATTTG
hsa.miR.125a.5p.0.0.	TCCCTGAGACCCTTTAACCTGTGA
hsa.miR.125a.5p.0..1.	TCCCTGAGACCCTTTAACCTGTG
hsa.miR.125a.5p.0..2.	TCCCTGAGACCCTTTAACCTGT
hsa.miR.125a.5p.0..3.	TCCCTGAGACCCTTTAACCTG
hsa.miR.125b.5p.0.0.	TCCCTGAGACCCTAACTTGTGA
hsa.miR.125b.5p.0..1.	TCCCTGAGACCCTAACTTGTG
hsa.miR.125b.5p.0..2.	TCCCTGAGACCCTAACTTGT
hsa.miR.126.3p.0.0.	TCGTACCGTGAGTAATAATGCG
hsa.miR.126.3p.0..1.	TCGTACCGTGAGTAATAATGC
hsa.miR.126.3p.0..2.	TCGTACCGTGAGTAATAATG
hsa.miR.126.3p.1.0.	CGTACCGTGAGTAATAATGCG
hsa.miR.126.3p..1.0.	CTCGTACCGTGAGTAATAATGCG
hsa.miR.126.3p..1..1.	CTCGTACCGTGAGTAATAATGC
hsa.miR.126.5p.0.0.	CATTATTACTTTTGGTACGCG
hsa.miR.126.5p.0..1.	CATTATTACTTTTGGTACGC
hsa.miR.127.3p.0.0.	TCGGATCCGTCTGAGCTTGGCT
hsa.miR.127.3p.0..1.	TCGGATCCGTCTGAGCTTGGC
hsa.miR.127.3p.0..2.	TCGGATCCGTCTGAGCTTGG
hsa.miR.127.5p.0.0.	CTGAAGCTCAGAGGGCTCTGAT
hsa.miR.127.5p.0..1.	CTGAAGCTCAGAGGGCTCTGA
hsa.miR.128.3p.0.0.	TCACAGTGAACCGGTCTCTTT
hsa.miR.1307.3p.0.0.	ACTCGGCGTGGCGTCGGTCGTG
hsa.miR.1307.3p.0.1.	ACTCGGCGTGGCGTCGGTCGTGG
hsa.miR.1307.3p.0.2.	ACTCGGCGTGGCGTCGGTCGTGGT
hsa.miR.1307.3p.1.0.	GACTCGGCGTGGCGTCGGTCGTG
hsa.miR.1307.3p.1.1.	GACTCGGCGTGGCGTCGGTCGTGG
hsa.miR.1307.3p.1.2.	GACTCGGCGTGGCGTCGGTCGTGGT
hsa.miR.1307.5p.0.0.	TCGACCGGACCTCGACCGGCT
hsa.miR.1307.5p.0.1.	TCGACCGGACCTCGACCGGCTC
hsa.miR.1307.5p.0..1.	TCGACCGGACCTCGACCGGC
hsa.miR.130a.3p.0.0.	CAGTGCAATGTTAAAAGGGCAT
hsa.miR.132.3p.0.0.	TAACAGTCTACAGCCATGGTCG
hsa.miR.134.5p.0.0.	TGTGACTGGTTGACCAGAGGGG
hsa.miR.134.5p.0..1.	TGTGACTGGTTGACCAGAGGG
hsa.miR.134.5p.0..2.	TGTGACTGGTTGACCAGAGG
hsa.miR.135b.5p.0..1.	TATGGCTTTTCATTCCTATGTG
hsa.miR.140.3p.0.0.	TACCACAGGGTAGAACCACGG
hsa.miR.140.3p.0.1.	TACCACAGGGTAGAACCACGGA
hsa.miR.140.3p.0..1.	TACCACAGGGTAGAACCACG
hsa.miR.140.3p.0.2.	TACCACAGGGTAGAACCACGGAC
hsa.miR.140.3p.0.3.	TACCACAGGGTAGAACCACGGACA
hsa.miR.140.3p.1.1.	ACCACAGGGTAGAACCACGGA
hsa.miR.140.3p.1.2.	ACCACAGGGTAGAACCACGGAC
hsa.miR.140.3p.1.3.	ACCACAGGGTAGAACCACGGACA
hsa.miR.140.5p.0.0.	CAGTGGTTTTACCCTATGGTAG
hsa.miR.141.3p.0.0.	TAACACTGTCTGGTAAAGATGG
hsa.miR.141.3p.0.1.	TAACACTGTCTGGTAAAGATGGC
hsa.miR.141.3p.0..1.	TAACACTGTCTGGTAAAGATG
hsa.miR.141.5p.0.0.	CATCTTCCAGTACAGTGTTGGA
hsa.miR.141.5p.0..1.	CATCTTCCAGTACAGTGTTGG
hsa.miR.142.3p.0.0.	TGTAGTGTTTCCTACTTTATGGA
hsa.miR.142.3p.0..1.	TGTAGTGTTTCCTACTTTATGG
hsa.miR.142.3p.1.0.	GTAGTGTTTCCTACTTTATGGA
hsa.miR.142.3p.1..1.	GTAGTGTTTCCTACTTTATGG
hsa.miR.142.3p.1..2.	GTAGTGTTTCCTACTTTATG
hsa.miR.143.3p.0.0.	TGAGATGAAGCACTGTAGCTC
hsa.miR.143.3p.0.1.	TGAGATGAAGCACTGTAGCTCA
hsa.miR.143.3p.0..1.	TGAGATGAAGCACTGTAGCT
hsa.miR.143.3p.0.2.	TGAGATGAAGCACTGTAGCTCAG
hsa.miR.143.3p.0..2.	TGAGATGAAGCACTGTAGC
hsa.miR.143.3p.0..3.	TGAGATGAAGCACTGTAG
hsa.miR.143.3p..1.0.	CTGAGATGAAGCACTGTAGCTC
hsa.miR.143.3p..1..1.	CTGAGATGAAGCACTGTAGCT
hsa.miR.143.3p..1..2.	CTGAGATGAAGCACTGTAGC
hsa.miR.143.3p..1..3.	CTGAGATGAAGCACTGTAG
hsa.miR.143.3p.3..1.	GATGAAGCACTGTAGCT
hsa.miR.143.5p.0..1.	GGTGCAGTGCTGCATCTCTGG
hsa.miR.144.5p.0.0.	GGATATCATCATATACTGTAAG
hsa.miR.145.5p.0.0.	GTCCAGTTTTCCCAGGAATCCCT
hsa.miR.145.5p.0.1.	GTCCAGTTTTCCCAGGAATCCCTT
hsa.miR.145.5p.0..1.	GTCCAGTTTTCCCAGGAATCCC
hsa.miR.145.5p.0..2.	GTCCAGTTTTCCCAGGAATCC
hsa.miR.145.5p.0..3.	GTCCAGTTTTCCCAGGAATC
hsa.miR.146a.5p.0.0.	TGAGAACTGAATTCCATGGGTT
hsa.miR.146a.5p.0..1.	TGAGAACTGAATTCCATGGGT
hsa.miR.146b.3p.0.0.	GCCCTGTGGACTCAGTTCTGGT
hsa.miR.146b.5p.0.0.	TGAGAACTGAATTCCATAGGCTG
hsa.miR.146b.5p.0.1.	TGAGAACTGAATTCCATAGGCTGT
hsa.miR.146b.5p.0..1.	TGAGAACTGAATTCCATAGGCT
hsa.miR.146b.5p.0..2.	TGAGAACTGAATTCCATAGGC
hsa.miR.148a.3p.0.0.	TCAGTGCACTACAGAACTTTGT
hsa.miR.148a.3p.0.1.	TCAGTGCACTACAGAACTTTGTC
hsa.miR.148a.3p.0..1.	TCAGTGCACTACAGAACTTTG
hsa.miR.148a.3p.0.2.	TCAGTGCACTACAGAACTTTGTCT
hsa.miR.148a.3p.0..2.	TCAGTGCACTACAGAACTTT
hsa.miR.148a.3p.1.0.	GTCAGTGCACTACAGAACTTTGT
hsa.miR.148a.5p.0..2.	AAAGTTCTGAGACACTCCGA
hsa.miR.148b.3p.0.0.	TCAGTGCATCACAGAACTTTGT
hsa.miR.148b.3p.0..1.	TCAGTGCATCACAGAACTTTG
hsa.miR.150.5p.0.0.	TCTCCCAACCCTTGTACCAGTG
hsa.miR.150.5p.0..1.	TCTCCCAACCCTTGTACCAGT
hsa.miR.150.5p.0..2.	TCTCCCAACCCTTGTACCAG
hsa.miR.151a.3p.0.0.	CTAGACTGAAGCTCCTTGAGG
hsa.miR.151a.3p.0.1.	CTAGACTGAAGCTCCTTGAGGA
hsa.miR.151a.3p.0..1.	CTAGACTGAAGCTCCTTGAG
hsa.miR.151a.3p.0..2.	CTAGACTGAAGCTCCTTGA
hsa.miR.151a.3p..2.0.	TACTAGACTGAAGCTCCTTGAGG
hsa.miR.151a.3p..2..1.	TACTAGACTGAAGCTCCTTGAG
hsa.miR.151a.3p..2..2.	TACTAGACTGAAGCTCCTTGA
hsa.miR.151a.5p.0.1.	TCGAGGAGCTCACAGTCTAGTA
hsa.miR.152.3p.0.0.	TCAGTGCATGACAGAACTTGG
hsa.miR.152.3p.0.1.	TCAGTGCATGACAGAACTTGGG
hsa.miR.155.5p.0.0.	TTAATGCTAATCGTGATAGGGGT
hsa.miR.155.5p.0..1.	TTAATGCTAATCGTGATAGGGG
hsa.miR.155.5p.0..2.	TTAATGCTAATCGTGATAGGG
hsa.miR.155.5p.0..3.	TTAATGCTAATCGTGATAGG
hsa.miR.15a.5p.0.0.	TAGCAGCACATAATGGTTTGTG
hsa.miR.15a.5p.0.1.	TAGCAGCACATAATGGTTTGTGG
hsa.miR.15a.5p.0..1.	TAGCAGCACATAATGGTTTGT
hsa.miR.15a.5p.0.2.	TAGCAGCACATAATGGTTTGTGGA
hsa.miR.15b.3p.0..1.	CGAATCATTATTTGCTGCTCT
hsa.miR.15b.5p.0.0.	TAGCAGCACATCATGGTTTACA
hsa.miR.15b.5p.0..1.	TAGCAGCACATCATGGTTTAC
hsa.miR.16.5p.0.0.	TAGCAGCACGTAAATATTGGCG
hsa.miR.16.5p.0..2.	TAGCAGCACGTAAATATTGG
hsa.miR.17.3p.0.0.	ACTGCAGTGAAGGCACTTGTAG
hsa.miR.17.3p.1.0.	CTGCAGTGAAGGCACTTGTAG
hsa.miR.17.5p.0.0.	CAAAGTGCTTACAGTGCAGGTAG
hsa.miR.181a.2.3p.0.0.	ACCACTGACCGTTGACTGTACC
hsa.miR.181a.2.3p.0..1.	ACCACTGACCGTTGACTGTAC
hsa.miR.181a.2.3p.0..2.	ACCACTGACCGTTGACTGTA
hsa.miR.181a.2.3p.0..3.	ACCACTGACCGTTGACTGT
hsa.miR.181a.3p.0.0.	ACCATCGACCGTTGATTGTACC
hsa.miR.181a.3p.0..1.	ACCATCGACCGTTGATTGTAC
hsa.miR.181a.5p.0.0.	AACATTCAACGCTGTCGGTGAGT
hsa.miR.181a.5p.0..1.	AACATTCAACGCTGTCGGTGAG
hsa.miR.181a.5p.0..2.	AACATTCAACGCTGTCGGTGA
hsa.miR.181b.5p.0.0.	AACATTCATTGCTGTCGGTGGGT
hsa.miR.181b.5p.0.1.	AACATTCATTGCTGTCGGTGGGTT
hsa.miR.181b.5p.0..1.	AACATTCATTGCTGTCGGTGGG
hsa.miR.181b.5p.0..2.	AACATTCATTGCTGTCGGTGG
hsa.miR.181c.3p.1.1.	ACCATCGACCGTTGAGTGGACC
hsa.miR.182.5p.0.0.	TTTGGCAATGGTAGAACTCACACT
hsa.miR.182.5p.0.1.	TTTGGCAATGGTAGAACTCACACTG
hsa.miR.182.5p.0..1.	TTTGGCAATGGTAGAACTCACAC
hsa.miR.182.5p.0.2.	TTTGGCAATGGTAGAACTCACACTGG
hsa.miR.182.5p.0..2.	TTTGGCAATGGTAGAACTCACA
hsa.miR.182.5p.0.3.	TTTGGCAATGGTAGAACTCACACTGGT
hsa.miR.182.5p.0..3.	TTTGGCAATGGTAGAACTCAC
hsa.miR.183.5p.0.0.	TATGGCACTGGTAGAATTCACT
hsa.miR.183.5p.0.1.	TATGGCACTGGTAGAATTCACTG
hsa.miR.183.5p.0..1.	TATGGCACTGGTAGAATTCAC
hsa.miR.183.5p.0.2.	TATGGCACTGGTAGAATTCACTGT
hsa.miR.183.5p.0..2.	TATGGCACTGGTAGAATTCA
hsa.miR.183.5p.0..3.	TATGGCACTGGTAGAATTC
hsa.miR.183.5p.1.0.	ATGGCACTGGTAGAATTCACT
hsa.miR.183.5p.1.1.	ATGGCACTGGTAGAATTCACTG
hsa.miR.183.5p.1..1.	ATGGCACTGGTAGAATTCAC
hsa.miR.183.5p.1.2.	ATGGCACTGGTAGAATTCACTGT
hsa.miR.183.5p.1..2.	ATGGCACTGGTAGAATTCA
hsa.miR.185.5p.0.0.	TGGAGAGAAAGGCAGTTCCTGA
hsa.miR.186.5p.0.0.	CAAAGAATTCTCCTTTTGGGCT
hsa.miR.186.5p.0.1.	CAAAGAATTCTCCTTTTGGGCTT
hsa.miR.186.5p.0..1.	CAAAGAATTCTCCTTTTGGGC
hsa.miR.191.5p.0.0.	CAACGGAATCCCAAAAGCAGCTG
hsa.miR.191.5p.0.1.	CAACGGAATCCCAAAAGCAGCTGT
hsa.miR.191.5p.0..1.	CAACGGAATCCCAAAAGCAGCT
hsa.miR.191.5p.0..2.	CAACGGAATCCCAAAAGCAGC
hsa.miR.191.5p.0..3.	CAACGGAATCCCAAAAGCAG
hsa.miR.192.5p.0.0.	CTGACCTATGAATTGACAGCC
hsa.miR.192.5p.0.1.	CTGACCTATGAATTGACAGCCA
hsa.miR.192.5p.0..1.	CTGACCTATGAATTGACAGC
hsa.miR.192.5p.1.2.	TGACCTATGAATTGACAGCCAG
hsa.miR.193a.5p.0.0.	TGGGTCTTTGCGGGCGAGATGA
hsa.miR.193a.5p.0..1.	TGGGTCTTTGCGGGCGAGATG
hsa.miR.193b.3p.0.0.	AACTGGCCCTCAAAGTCCCGCT
hsa.miR.194.5p.0.0.	TGTAACAGCAACTCCATGTGGA
hsa.miR.194.5p.0..1.	TGTAACAGCAACTCCATGTGG
hsa.miR.196a.5p.0..1.	TTAGGTAGTTTCATGTTGTTGGG
hsa.miR.196b.5p.0.0.	TAGGTAGTTTCCTGTTGTTGGG
hsa.miR.196b.5p.0..1.	TAGGTAGTTTCCTGTTGTTGG
hsa.miR.197.3p.0.0.	TTCACCACCTTCTCCACCCAGC
hsa.miR.197.3p.0..1.	TTCACCACCTTCTCCACCCAG
hsa.miR.199a.3p.0.0.	ACAGTAGTCTGCACATTGGTTA
hsa.miR.199a.3p.0..1.	ACAGTAGTCTGCACATTGGTT
hsa.miR.199a.3p.0..2.	ACAGTAGTCTGCACATTGGT
hsa.miR.199a.3p.0..3.	ACAGTAGTCTGCACATTGG
hsa.miR.199a.3p.1.0.	CAGTAGTCTGCACATTGGTTA
hsa.miR.199a.3p.1..1.	CAGTAGTCTGCACATTGGTT
hsa.miR.199a.3p..1..1.	TACAGTAGTCTGCACATTGGTT
hsa.miR.199a.3p.1..2.	CAGTAGTCTGCACATTGGT
hsa.miR.199a.3p..1..2.	TACAGTAGTCTGCACATTGGT
hsa.miR.199a.3p..1..3.	TACAGTAGTCTGCACATTGG
hsa.miR.199a.5p.0.0.	CCCAGTGTTCAGACTACCTGTTC
hsa.miR.199a.5p.0..1.	CCCAGTGTTCAGACTACCTGTT
hsa.miR.199a.5p.0..2.	CCCAGTGTTCAGACTACCTGT
hsa.miR.199a.5p.0..3.	CCCAGTGTTCAGACTACCTG
hsa.miR.199b.3p.0.0.	ACAGTAGTCTGCACATTGGTTA
hsa.miR.199b.3p.0..1.	ACAGTAGTCTGCACATTGGTT
hsa.miR.199b.3p.0..2.	ACAGTAGTCTGCACATTGGT
hsa.miR.199b.3p.0..3.	ACAGTAGTCTGCACATTGG
hsa.miR.199b.3p.1.0.	CAGTAGTCTGCACATTGGTTA
hsa.miR.199b.3p.1..1.	CAGTAGTCTGCACATTGGTT
hsa.miR.199b.3p..1..1.	TACAGTAGTCTGCACATTGGTT
hsa.miR.199b.3p.1..2.	CAGTAGTCTGCACATTGGT
hsa.miR.199b.3p..1..2.	TACAGTAGTCTGCACATTGGT
hsa.miR.199b.3p..1..3.	TACAGTAGTCTGCACATTGG
hsa.miR.199b.5p.0.0.	CCCAGTGTTTAGACTATCTGTTC
hsa.miR.199b.5p.0..1.	CCCAGTGTTTAGACTATCTGTT
hsa.miR.19b.3p.0.0.	TGTGCAAATCCATGCAAAACTGA
hsa.miR.19b.3p.0..1.	TGTGCAAATCCATGCAAAACTG
hsa.miR.200a.3p.0.0.	TAACACTGTCTGGTAACGATGT
hsa.miR.200a.3p.0.1.	TAACACTGTCTGGTAACGATGTT
hsa.miR.200a.3p.0..1.	TAACACTGTCTGGTAACGATG
hsa.miR.200a.5p.0.0.	CATCTTACCGGACAGTGCTGGA
hsa.miR.200a.5p.0..1.	CATCTTACCGGACAGTGCTGG
hsa.miR.200a.5p.1.0.	ATCTTACCGGACAGTGCTGGA
hsa.miR.200b.3p.0.0.	TAATACTGCCTGGTAATGATGA
hsa.miR.200b.3p.0.1.	TAATACTGCCTGGTAATGATGAC
hsa.miR.200b.3p.0..1.	TAATACTGCCTGGTAATGATG
hsa.miR.200c.3p.0.0.	TAATACTGCCGGGTAATGATGGA
hsa.miR.200c.3p.0..1.	TAATACTGCCGGGTAATGATGG
hsa.miR.200c.3p.0..2.	TAATACTGCCGGGTAATGATG
hsa.miR.200c.5p.0.0.	CGTCTTACCCAGCAGTGTTTGG
hsa.miR.203a.3p.0.0.	GTGAAATGTTTAGGACCACTAG
hsa.miR.203a.3p.0.1.	GTGAAATGTTTAGGACCACTAGA
hsa.miR.203a.3p.0..2.	GTGAAATGTTTAGGACCACT
hsa.miR.203a.3p.1.0.	TGAAATGTTTAGGACCACTAG
hsa.miR.203a.3p.1.1.	TGAAATGTTTAGGACCACTAGA
hsa.miR.203b.3p.0..1.	TTGAACTGTTAAGAACCACTGG
hsa.miR.20a.5p.0.0.	TAAAGTGCTTATAGTGCAGGTAG
hsa.miR.210.3p.0.0.	CTGTGCGTGTGACAGCGGCTGA
hsa.miR.210.3p.0.1.	CTGTGCGTGTGACAGCGGCTGAT
hsa.miR.210.3p.0..1.	CTGTGCGTGTGACAGCGGCTG
hsa.miR.21.3p.0.0.	CAACACCAGTCGATGGGCTGT
hsa.miR.21.3p.0.1.	CAACACCAGTCGATGGGCTGTC
hsa.miR.21.3p.0..1.	CAACACCAGTCGATGGGCTG
hsa.miR.21.3p.0.2.	CAACACCAGTCGATGGGCTGTCT
hsa.miR.21.3p.0..2.	CAACACCAGTCGATGGGCT
hsa.miR.21.5p.0.0.	TAGCTTATCAGACTGATGTTGA
hsa.miR.21.5p.0.1.	TAGCTTATCAGACTGATGTTGAC
hsa.miR.21.5p.0..1.	TAGCTTATCAGACTGATGTTG
hsa.miR.21.5p.0.2.	TAGCTTATCAGACTGATGTTGACT
hsa.miR.21.5p.0..2.	TAGCTTATCAGACTGATGTT
hsa.miR.21.5p.0..3.	TAGCTTATCAGACTGATGT
hsa.miR.21.5p.1.0.	AGCTTATCAGACTGATGTTGA
hsa.miR.21.5p..1.0.	GTAGCTTATCAGACTGATGTTGA
hsa.miR.21.5p..1..1.	GTAGCTTATCAGACTGATGTTG
hsa.miR.21.5p.3.0.	CTTATCAGACTGATGTTGA
hsa.miR.221.3p.0..1.	AGCTACATTGTCTGCTGGGTTT
hsa.miR.221.3p.0..2.	AGCTACATTGTCTGCTGGGTT
hsa.miR.223.3p.0.0.	TGTCAGTTTGTCAAATACCCCA
hsa.miR.223.3p.0.1.	TGTCAGTTTGTCAAATACCCCAA
hsa.miR.22.3p.0.0.	AAGCTGCCAGTTGAAGAACTGT
hsa.miR.22.3p.0.1.	AAGCTGCCAGTTGAAGAACTGTT
hsa.miR.22.3p.0..1.	AAGCTGCCAGTTGAAGAACTG
hsa.miR.22.3p.0..2.	AAGCTGCCAGTTGAAGAACT
hsa.miR.22.3p.0..3.	AAGCTGCCAGTTGAAGAAC
hsa.miR.22.3p.1.0.	AGCTGCCAGTTGAAGAACTGT
hsa.miR.22.3p..1.0.	AAAGCTGCCAGTTGAAGAACTGT
hsa.miR.22.3p.1.1.	AGCTGCCAGTTGAAGAACTGTT
hsa.miR.22.3p.2.0.	GCTGCCAGTTGAAGAACTGT
hsa.miR.2355.5p.0.1.	ATCCCCAGATACAATGGACAAT
hsa.miR.23a.3p.0.0.	ATCACATTGCCAGGGATTTCC
hsa.miR.23a.3p.0.1.	ATCACATTGCCAGGGATTTCCA
hsa.miR.23a.3p.0..1.	ATCACATTGCCAGGGATTTC
hsa.miR.23a.3p.0.2.	ATCACATTGCCAGGGATTTCCAA
hsa.miR.23a.3p.0..2.	ATCACATTGCCAGGGATTT
hsa.miR.23a.3p.0..3.	ATCACATTGCCAGGGATT
hsa.miR.23a.3p.1.0.	TCACATTGCCAGGGATTTCC
hsa.miR.23a.3p.1.1.	TCACATTGCCAGGGATTTCCA
hsa.miR.23a.3p.1.2.	TCACATTGCCAGGGATTTCCAA
hsa.miR.23b.3p.0.0.	ATCACATTGCCAGGGATTACCAC
hsa.miR.23b.3p.0..1.	ATCACATTGCCAGGGATTACCA
hsa.miR.23b.3p.0..2.	ATCACATTGCCAGGGATTACC
hsa.miR.23b.3p.0..3.	ATCACATTGCCAGGGATTAC
hsa.miR.23b.3p.1..2.	TCACATTGCCAGGGATTACC
hsa.miR.24.3p.0.0.	TGGCTCAGTTCAGCAGGAACAG
hsa.miR.24.3p.0..1.	TGGCTCAGTTCAGCAGGAACA
hsa.miR.24.3p.0..2.	TGGCTCAGTTCAGCAGGAAC
hsa.miR.24.3p.0..3.	TGGCTCAGTTCAGCAGGAA
hsa.miR.25.3p.0.0.	CATTGCACTTGTCTCGGTCTGA
hsa.miR.25.3p.0..1.	CATTGCACTTGTCTCGGTCTG
hsa.miR.25.3p.0..2.	CATTGCACTTGTCTCGGTCT
hsa.miR.26a.5p.0.0.	TTCAAGTAATCCAGGATAGGCT
hsa.miR.26a.5p.0..1.	TTCAAGTAATCCAGGATAGGC
hsa.miR.26a.5p.0.2.	TTCAAGTAATCCAGGATAGGCTGT
hsa.miR.26a.5p.0..2.	TTCAAGTAATCCAGGATAGG
hsa.miR.26a.5p.0..3.	TTCAAGTAATCCAGGATAG
hsa.miR.26b.5p.0.0.	TTCAAGTAATTCAGGATAGGT
hsa.miR.26b.5p.0.1.	TTCAAGTAATTCAGGATAGGTT
hsa.miR.26b.5p.0..1.	TTCAAGTAATTCAGGATAGG
hsa.miR.27a.3p.0.0.	TTCACAGTGGCTAAGTTCCGC
hsa.miR.27a.3p.0..1.	TTCACAGTGGCTAAGTTCCG
hsa.miR.27a.3p.0..2.	TTCACAGTGGCTAAGTTCC
hsa.miR.27a.3p.0..3.	TTCACAGTGGCTAAGTTC
hsa.miR.27b.3p.0.0.	TTCACAGTGGCTAAGTTCTGC
hsa.miR.27b.3p.0.1.	TTCACAGTGGCTAAGTTCTGCA
hsa.miR.27b.3p.0..1.	TTCACAGTGGCTAAGTTCTG
hsa.miR.27b.3p.0..2.	TTCACAGTGGCTAAGTTCT
hsa.miR.27b.3p.0..3.	TTCACAGTGGCTAAGTTC
hsa.miR.28.3p.0.0.	CACTAGATTGTGAGCTCCTGGA
hsa.miR.28.3p.0.1.	CACTAGATTGTGAGCTCCTGGAG
hsa.miR.28.3p.0..1.	CACTAGATTGTGAGCTCCTGG
hsa.miR.28.3p.0..2.	CACTAGATTGTGAGCTCCTG
hsa.miR.28.3p.1.0.	ACTAGATTGTGAGCTCCTGGA
hsa.miR.28.3p.1.1.	ACTAGATTGTGAGCTCCTGGAG
hsa.miR.28.3p.2.1.	CTAGATTGTGAGCTCCTGGAG
hsa.miR.28.5p.0.0.	AAGGAGCTCACAGTCTATTGAG
hsa.miR.28.5p.0..1.	AAGGAGCTCACAGTCTATTGA
hsa.miR.29a.3p.0.0.	TAGCACCATCTGAAATCGGTTA
hsa.miR.29a.3p.0.1.	TAGCACCATCTGAAATCGGTTAT
hsa.miR.29a.3p.0..1.	TAGCACCATCTGAAATCGGTT
hsa.miR.29a.3p.0..2.	TAGCACCATCTGAAATCGGT
hsa.miR.29a.3p.0..3.	TAGCACCATCTGAAATCGG
hsa.miR.29a.3p..1.0.	CTAGCACCATCTGAAATCGGTTA
hsa.miR.29a.3p..1..1.	CTAGCACCATCTGAAATCGGTT
hsa.miR.29a.3p..1..2.	CTAGCACCATCTGAAATCGGT
hsa.miR.29a.3p..1..3.	CTAGCACCATCTGAAATCGG
hsa.miR.29b.3p.0.0.	TAGCACCATTTGAAATCAGTGTT
hsa.miR.29b.3p.0..1.	TAGCACCATTTGAAATCAGTGT
hsa.miR.29b.3p.0..2.	TAGCACCATTTGAAATCAGTG
hsa.miR.29b.3p.0..3.	TAGCACCATTTGAAATCAGT
hsa.miR.29c.3p.0.0.	TAGCACCATTTGAAATCGGTTA
hsa.miR.29c.3p.0..1.	TAGCACCATTTGAAATCGGTT
hsa.miR.29c.3p.0..2.	TAGCACCATTTGAAATCGGT
hsa.miR.29c.3p.0..3.	TAGCACCATTTGAAATCGG
hsa.miR.30a.3p.0.0.	CTTTCAGTCGGATGTTTGCAGC
hsa.miR.30a.3p.0..1.	CTTTCAGTCGGATGTTTGCAG
hsa.miR.30a.3p.0..2.	CTTTCAGTCGGATGTTTGCA
hsa.miR.30a.3p.0..3.	CTTTCAGTCGGATGTTTGC
hsa.miR.30a.3p.1.0.	TTTCAGTCGGATGTTTGCAGC
hsa.miR.30a.3p.1.1.	TTTCAGTCGGATGTTTGCAGCT
hsa.miR.30a.3p.1..1.	TTTCAGTCGGATGTTTGCAG
hsa.miR.30a.5p.0.0.	TGTAAACATCCTCGACTGGAAG
hsa.miR.30a.5p.0.1.	TGTAAACATCCTCGACTGGAAGC
hsa.miR.30a.5p.0..1.	TGTAAACATCCTCGACTGGAA
hsa.miR.30a.5p.0.2.	TGTAAACATCCTCGACTGGAAGCT
hsa.miR.30a.5p.0..2.	TGTAAACATCCTCGACTGGA
hsa.miR.30a.5p.0..3.	TGTAAACATCCTCGACTGG
hsa.miR.30a.5p.1.0.	CTGTAAACATCCTCGACTGGAAG
hsa.miR.30b.5p.0.0.	TGTAAACATCCTACACTCAGCT
hsa.miR.30b.5p.0..1.	TGTAAACATCCTACACTCAGC
hsa.miR.30c.2.3p.0.0.	CTGGGAGAAGGCTGTTTACTCT
hsa.miR.30c.5p.0.0.	TGTAAACATCCTACACTCTCAGC
hsa.miR.30c.5p.0.1.	TGTAAACATCCTACACTCTCAGCT
hsa.miR.30c.5p.0..1.	TGTAAACATCCTACACTCTCAG
hsa.miR.30c.5p.0..2.	TGTAAACATCCTACACTCTCA
hsa.miR.30d.5p.0.0.	TGTAAACATCCCCGACTGGAAG
hsa.miR.30d.5p.0.1.	TGTAAACATCCCCGACTGGAAGC
hsa.miR.30d.5p.0..1.	TGTAAACATCCCCGACTGGAA
hsa.miR.30d.5p.0.2.	TGTAAACATCCCCGACTGGAAGCT
hsa.miR.30d.5p.0..2.	TGTAAACATCCCCGACTGGA
hsa.miR.30d.5p.0..3.	TGTAAACATCCCCGACTGG
hsa.miR.30e.3p.0.0.	CTTTCAGTCGGATGTTTACAGC
hsa.miR.30e.3p.0..1.	CTTTCAGTCGGATGTTTACAG
hsa.miR.30e.3p.0..2.	CTTTCAGTCGGATGTTTACA
hsa.miR.30e.3p.0..3.	CTTTCAGTCGGATGTTTAC
hsa.miR.30e.3p.1.0.	TTTCAGTCGGATGTTTACAGC
hsa.miR.30e.3p.1..1.	TTTCAGTCGGATGTTTACAG
hsa.miR.30e.5p.0.0.	TGTAAACATCCTTGACTGGAAG
hsa.miR.30e.5p.0.1.	TGTAAACATCCTTGACTGGAAGC
hsa.miR.30e.5p.0..1.	TGTAAACATCCTTGACTGGAA
hsa.miR.30e.5p.0.2.	TGTAAACATCCTTGACTGGAAGCT
hsa.miR.30e.5p.0..2.	TGTAAACATCCTTGACTGGA
hsa.miR.30e.5p.0..3.	TGTAAACATCCTTGACTGG
hsa.miR.30e.5p.1.0.	GTAAACATCCTTGACTGGAAG
hsa.miR.30e.5p.1.1.	GTAAACATCCTTGACTGGAAGC
hsa.miR.30e.5p.1.2.	GTAAACATCCTTGACTGGAAGCT
hsa.miR.30e.5p.1.3.	GTAAACATCCTTGACTGGAAGCTG
hsa.miR.320a.3p.0.0.	AAAAGCTGGGTTGAGAGGGCGA
hsa.miR.320a.3p.0.1.	AAAAGCTGGGTTGAGAGGGCGAA
hsa.miR.320a.3p.0..1.	AAAAGCTGGGTTGAGAGGGCG
hsa.miR.320a.3p.0.2.	AAAAGCTGGGTTGAGAGGGCGAAA
hsa.miR.320a.3p.1.0.	AAAGCTGGGTTGAGAGGGCGA
hsa.miR.330.5p.0..1.	TCTCTGGGCCTGTGTCTTAGGC
hsa.miR.335.3p.0.0.	TTTTTCATTATTGCTCCTGACC
hsa.miR.338.3p.0.0.	TCCAGCATCAGTGATTTTGTTG
hsa.miR.338.3p.0.1.	TCCAGCATCAGTGATTTTGTTGA
hsa.miR.339.5p.0.0.	TCCCTGTCCTCCAGGAGCTCACG
hsa.miR.342.3p.0.0.	TCTCACACAGAAATCGCACCCGT
hsa.miR.342.3p.0.1.	TCTCACACAGAAATCGCACCCGTC
hsa.miR.342.3p.0..1.	TCTCACACAGAAATCGCACCCG
hsa.miR.34a.5p.0.0.	TGGCAGTGTCTTAGCTGGTTGT
hsa.miR.34a.5p.0.1.	TGGCAGTGTCTTAGCTGGTTGTT
hsa.miR.361.3p.0.0.	TCCCCCAGGTGTGATTCTGATTT
hsa.miR.361.3p.0.1.	TCCCCCAGGTGTGATTCTGATTTG
hsa.miR.361.3p.0..1.	TCCCCCAGGTGTGATTCTGATT
hsa.miR.361.5p.0.0.	TTATCAGAATCTCCAGGGGTAC
hsa.miR.361.5p.0..1.	TTATCAGAATCTCCAGGGGTA
hsa.miR.374a.3p.0.0.	CTTATCAGATTGTATTGTAATT
hsa.miR.374a.3p.0..1.	CTTATCAGATTGTATTGTAAT
hsa.miR.374a.3p.0..2.	CTTATCAGATTGTATTGTAA
hsa.miR.374a.5p.0.0.	TTATAATACAACCTGATAAGTG
hsa.miR.374b.5p.0.0.	ATATAATACAACCTGCTAAGTG
hsa.miR.374b.5p.0..1.	ATATAATACAACCTGCTAAGT
hsa.miR.375.3p.0.0.	TTTGTTCGTTCGGCTCGCGTGA
hsa.miR.375.3p.0..1.	TTTGTTCGTTCGGCTCGCGTG
hsa.miR.375.3p.1.0.	TTGTTCGTTCGGCTCGCGTGA
hsa.miR.378a.3p.0.0.	ACTGGACTTGGAGTCAGAAGGC
hsa.miR.378a.3p.0..1.	ACTGGACTTGGAGTCAGAAGG
hsa.miR.378a.3p.1.0.	CTGGACTTGGAGTCAGAAGGC
hsa.miR.378a.5p.0.0.	CTCCTGACTCCAGGTCCTGTGT
hsa.miR.378a.5p.0..1.	CTCCTGACTCCAGGTCCTGTG
hsa.miR.379.5p.0.0.	TGGTAGACTATGGAACGTAGG
hsa.miR.379.5p.0..1.	TGGTAGACTATGGAACGTAG
hsa.miR.423.3p.0.0.	AGCTCGGTCTGAGGCCCCTCAGT
hsa.miR.423.5p.0.0.	TGAGGGGCAGAGAGCGAGACTTT
hsa.miR.424.5p.0.0.	CAGCAGCAATTCATGTTTTGAA
hsa.miR.424.5p.0..1.	CAGCAGCAATTCATGTTTTGA
hsa.miR.425.5p.0.0.	AATGACACGATCACTCCCGTTGA
hsa.miR.425.5p.0.1.	AATGACACGATCACTCCCGTTGAG
hsa.miR.429.0.0.	TAATACTGTCTGGTAAAACCGT
hsa.miR.429.0..1.	TAATACTGTCTGGTAAAACCG
hsa.miR.451a.0.0.	AAACCGTTACCATTACTGAGTT
hsa.miR.451a.0.1.	AAACCGTTACCATTACTGAGTTT
hsa.miR.451a.0..1.	AAACCGTTACCATTACTGAGT
hsa.miR.451a.0..2.	AAACCGTTACCATTACTGAG
hsa.miR.455.3p.0.0.	GCAGTCCATGGGCATATACAC
hsa.miR.455.3p.0.1.	GCAGTCCATGGGCATATACACT
hsa.miR.455.3p.0..1.	GCAGTCCATGGGCATATACA
hsa.miR.484.0.0.	TCAGGCTCAGTCCCCTCCCGAT
hsa.miR.486.5p.0.0.	TCCTGTACTGAGCTGCCCCGAG
hsa.miR.486.5p.0..1.	TCCTGTACTGAGCTGCCCCGA
hsa.miR.500a.3p.0.0.	ATGCACCTGGGCAAGGATTCTG
hsa.miR.500a.3p.0.1.	ATGCACCTGGGCAAGGATTCTGA
hsa.miR.501.3p.0.1.	AATGCACCCGGGCAAGGATTCTG
hsa.miR.532.5p.0.0.	CATGCCTTGAGTGTAGGACCGT
hsa.miR.532.5p.0..1.	CATGCCTTGAGTGTAGGACCG
hsa.miR.532.5p.1.0.	ATGCCTTGAGTGTAGGACCGT
hsa.miR.542.3p.0.0.	TGTGACAGATTGATAACTGAAA
hsa.miR.542.3p.0..1.	TGTGACAGATTGATAACTGAA
hsa.miR.542.3p.0..2.	TGTGACAGATTGATAACTGA
hsa.miR.542.3p..1..2.	TTGTGACAGATTGATAACTGAA
hsa.miR.574.3p.0.0.	CACGCTCATGCACACACCCACA
hsa.miR.582.3p.0.0.	TAACTGGTTGAACAACTGAACC
hsa.miR.582.3p.0.1.	TAACTGGTTGAACAACTGAACCC
hsa.miR.582.3p.0..1.	TAACTGGTTGAACAACTGAAC
hsa.miR.584.5p.0..1.	TTATGGTTTGCCTGGGACTGA
hsa.miR.589.5p.0..1.	TGAGAACCACGTCTGCTCTGA
hsa.miR.625.3p.0.0.	GACTATAGAACTTTCCCCCTCA
hsa.miR.625.3p.0..1.	GACTATAGAACTTTCCCCCTC
hsa.miR.625.3p.0..2.	GACTATAGAACTTTCCCCCT
hsa.miR.629.5p.0.0.	TGGGTTTACGTTGGGAGAACT
hsa.miR.629.5p.0.1.	TGGGTTTACGTTGGGAGAACTT
hsa.miR.652.3p.0.0.	AATGGCGCCACTAGGGTTGTG
hsa.miR.660.5p.0.1.	TACCCATTGCATATCGGAGTTGT
hsa.miR.708.3p.1.1.	AACTAGACTGTGAGCTTCTAGA
hsa.miR.92a.3p.0.0.	TATTGCACTTGTCCCGGCCTGT
hsa.miR.92a.3p.0.1.	TATTGCACTTGTCCCGGCCTGTT
hsa.miR.92a.3p.0..1.	TATTGCACTTGTCCCGGCCTG
hsa.miR.92a.3p.1.0.	ATTGCACTTGTCCCGGCCTGT
hsa.miR.92b.3p.0.0.	TATTGCACTCGTCCCGGCCTCC
hsa.miR.92b.3p.0..1.	TATTGCACTCGTCCCGGCCTC
hsa.miR.93.5p.0.0.	CAAAGTGCTGTTCGTGCAGGTAG
hsa.miR.93.5p.0.1.	CAAAGTGCTGTTCGTGCAGGTAGT
hsa.miR.93.5p.0..1.	CAAAGTGCTGTTCGTGCAGGTA
hsa.miR.93.5p.0..2.	CAAAGTGCTGTTCGTGCAGGT
hsa.miR.93.5p.0..3.	CAAAGTGCTGTTCGTGCAGG
hsa.miR.93.5p.1.0.	AAAGTGCTGTTCGTGCAGGTAG
hsa.miR.9.5p.0.0.	TCTTTGGTTATCTAGCTGTATGA
hsa.miR.9.5p.0..1.	TCTTTGGTTATCTAGCTGTATG
hsa.miR.98.5p.0.0.	TGAGGTAGTAAGTTGTATTGTT
hsa.miR.98.5p.0..1.	TGAGGTAGTAAGTTGTATTGT
hsa.miR.99a.5p.0.0.	AACCCGTAGATCCGATCTTGTG
hsa.miR.99a.5p.0..1.	AACCCGTAGATCCGATCTTGT
hsa.miR.99b.3p.0.0.	CAAGCTCGTGTCTGTGGGTCCG
hsa.miR.99b.5p.0.0.	CACCCGTAGAACCGACCTTGCG
hsa.miR.99b.5p.0..1.	CACCCGTAGAACCGACCTTGC
hsa.miR.99b.5p.0..2.	CACCCGTAGAACCGACCTTG
hsa.miR.99b.5p.0..3.	CACCCGTAGAACCGACCTT
hsa.miR.99b.5p.1.0.	ACCCGTAGAACCGACCTTGCG
hsa.miR.99b.5p.1..1.	ACCCGTAGAACCGACCTTGC
